{
"0":{
	"name":"mul8u_1JJQ",
	"mae":0.0,
	"area":4849.197,
	"time":35028,
	"power":0.22504400000000002
	},
"1":{
	"name":"mul8u_2NDH",
	"mae":285.466492,
	"area":1800.064,
	"time":18876,
	"power":0.0902865
	},
"2":{
	"name":"mul8u_0AB",
	"mae":37.071533,
	"area":3545.248,
	"time":35306,
	"power":0.317687
	},
"3":{
	"name":"mul8u_12KA",
	"mae":12.0,
	"area":4774.56,
	"time":34124,
	"power":0.400767
	},
"4":{
	"name":"mul8u_12YX",
	"mae":0.5,
	"area":4737.242,
	"time":35378,
	"power":0.410186
	},
"5":{
	"name":"mul8u_17C8",
	"mae":370.045441,
	"area":1475.174,
	"time":23091,
	"power":0.0825027
	},
"6":{
	"name":"mul8u_17MJ",
	"mae":4276.358429,
	"area":87.808,
	"time":2838,
	"power":0.0031773699999999997
	},
"7":{
	"name":"mul8u_17MN",
	"mae":5249.488373,
	"area":76.832,
	"time":728,
	"power":0.00233715
	},
"8":{
	"name":"mul8u_17R6",
	"mae":441.61084,
	"area":1310.534,
	"time":26276,
	"power":0.0796144
	},
"9":{
	"name":"mul8u_18UH",
	"mae":773.105164,
	"area":911.008,
	"time":18265,
	"power":0.0469367
	},
"10":{
	"name":"mul8u_197B",
	"mae":119.024719,
	"area":2599.117,
	"time":30924,
	"power":0.19633399999999998
	},
"11":{
	"name":"mul8u_19XF",
	"mae":148.151215,
	"area":2386.182,
	"time":32405,
	"power":0.18594
	},
"12":{
	"name":"mul8u_1A0M",
	"mae":1888.585907,
	"area":559.776,
	"time":15077,
	"power":0.021372699999999998
	},
"13":{
	"name":"mul8u_1DMU",
	"mae":426.282227,
	"area":2853.76,
	"time":31720,
	"power":0.217964
	},
"14":{
	"name":"mul8u_1SX",
	"mae":6361.999817,
	"area":17.562,
	"time":728,
	"power":0.0005057799999999999
	},
"15":{
	"name":"mul8u_27Y",
	"mae":0.875,
	"area":4746.022,
	"time":35084,
	"power":0.416964
	},
"16":{
	"name":"mul8u_2V0",
	"mae":1.0,
	"area":4704.314,
	"time":35280,
	"power":0.416603
	},
"17":{
	"name":"mul8u_4TF",
	"mae":731.4375,
	"area":4370.643,
	"time":33217,
	"power":0.362549
	},
"18":{
	"name":"mul8u_4X5",
	"mae":0.90625,
	"area":4609.92,
	"time":35534,
	"power":0.411017
	},
"19":{
	"name":"mul8u_874",
	"mae":37.035156,
	"area":4133.562,
	"time":31392,
	"power":0.325088
	},
"20":{
	"name":"mul8u_8U3",
	"mae":87.253906,
	"area":3766.963,
	"time":30469,
	"power":0.287503
	},
"21":{
	"name":"mul8u_BG1",
	"mae":284.3125,
	"area":3466.221,
	"time":38564,
	"power":0.323065
	},
"22":{
	"name":"mul8u_C67",
	"mae":8.660156,
	"area":4107.219,
	"time":35568,
	"power":0.355829
	},
"23":{
	"name":"mul8u_DG8",
	"mae":5.179688,
	"area":4313.568,
	"time":36263,
	"power":0.387706
	},
"24":{
	"name":"mul8u_GJM",
	"mae":1011.253418,
	"area":2265.446,
	"time":27322,
	"power":0.148291
	},
"25":{
	"name":"mul8u_GTR",
	"mae":29.429199,
	"area":3665.984,
	"time":35152,
	"power":0.32166900000000004
	},
"26":{
	"name":"mul8u_L93",
	"mae":157.009827,
	"area":2410.33,
	"time":27547,
	"power":0.160602
	},
"27":{
	"name":"mul8u_LK8",
	"mae":3.039062,
	"area":4491.379,
	"time":37043,
	"power":0.407987
	},
"28":{
	"name":"mul8u_NLX",
	"mae":42.286316,
	"area":3264.262,
	"time":36556,
	"power":0.290749
	},
"29":{
	"name":"mul8u_R36",
	"mae":3828.220306,
	"area":267.814,
	"time":2858,
	"power":0.0103146
	},
"30":{
	"name":"mul8u_R92",
	"mae":11.370483,
	"area":4113.805,
	"time":35251,
	"power":0.371186
	},
"31":{
	"name":"mul8u_T83",
	"mae":1409.416443,
	"area":601.485,
	"time":12728,
	"power":0.0235679
	},
"32":{
	"name":"mul8u_XFM",
	"mae":43.806885,
	"area":3554.029,
	"time":35240,
	"power":0.297175
	},
"33":{
	"name":"mul8u_Z9D",
	"mae":3169.337891,
	"area":831.981,
	"time":3213,
	"power":0.0354681
	},
"34":{
	"name":"mul8u_ZB3",
	"mae":0.125,
	"area":4781.146,
	"time":35280,
	"power":0.418978
	},
"35":{
	"name":"mul8u_ZDF",
	"mae":4.402344,
	"area":4368.448,
	"time":35084,
	"power":0.39265300000000003
	}
}