{
"0":{
	"name":"mul16u_0Z6",
	"mae":59628900.165437,
	"area":19467.034,
	"time":61443,
	"power":1.7300099999999998
	},
"1":{
	"name":"mul16u_1K3",
	"mae":64.174786,
	"area":22309.817,
	"time":67752,
	"power":2.29729
	},
"2":{
	"name":"mul16u_1UG",
	"mae":2040358.996581,
	"area":5854.598,
	"time":38141,
	"power":0.32738
	},
"3":{
	"name":"mul16u_21M",
	"mae":12377.2524,
	"area":22529.338,
	"time":65632,
	"power":3.1873299999999998
	},
"4":{
	"name":"mul16u_21Q",
	"mae":16483.370462,
	"area":22140.787,
	"time":70805,
	"power":3.07868
	},
"5":{
	"name":"mul16u_2KD",
	"mae":3230.108555,
	"area":16720.838,
	"time":58904,
	"power":2.0983899999999998
	},
"6":{
	"name":"mul16u_3CF",
	"mae":1.343904,
	"area":22336.16,
	"time":65072,
	"power":2.03388
	},
"7":{
	"name":"mul16u_3H1",
	"mae":12.411972,
	"area":21646.867,
	"time":65025,
	"power":1.97375
	},
"8":{
	"name":"mul16u_3PM",
	"mae":129.157708,
	"area":20169.497,
	"time":62215,
	"power":1.80669
	},
"9":{
	"name":"mul16u_4UG",
	"mae":31376.011256,
	"area":12497.273,
	"time":53929,
	"power":1.34615
	},
"10":{
	"name":"mul16u_4XB",
	"mae":54071.940106,
	"area":12782.649,
	"time":56003,
	"power":1.42892
	},
"11":{
	"name":"mul16u_5A2",
	"mae":132082.712988,
	"area":10534.765,
	"time":46932,
	"power":0.8789349999999999
	},
"12":{
	"name":"mul16u_60G",
	"mae":463026.561944,
	"area":8337.37,
	"time":42560,
	"power":0.902529
	},
"13":{
	"name":"mul16u_7EL",
	"mae":2.929849,
	"area":22200.057,
	"time":66257,
	"power":2.0291900000000003
	},
"14":{
	"name":"mul16u_7G2",
	"mae":24.525626,
	"area":21291.244,
	"time":66026,
	"power":1.95075
	},
"15":{
	"name":"mul16u_7L2",
	"mae":194.702838,
	"area":19649.235,
	"time":61929,
	"power":1.67507
	},
"16":{
	"name":"mul16u_7QP",
	"mae":1136.492444,
	"area":18422.118,
	"time":63264,
	"power":1.9808500000000002
	},
"17":{
	"name":"mul16u_9DU",
	"mae":0.0,
	"area":22419.577,
	"time":66423,
	"power":1.65881
	},
"18":{
	"name":"mul16u_9GU",
	"mae":4.875099,
	"area":22110.054,
	"time":67532,
	"power":2.02643
	},
"19":{
	"name":"mul16u_9M4",
	"mae":37.084267,
	"area":21227.584,
	"time":67340,
	"power":1.91981
	},
"20":{
	"name":"mul16u_9MP",
	"mae":41.41522,
	"area":21067.334,
	"time":62610,
	"power":1.92207
	},
"21":{
	"name":"mul16u_9YG",
	"mae":369.927056,
	"area":19355.078,
	"time":59488,
	"power":1.49284
	},
"22":{
	"name":"mul16u_A1M",
	"mae":458.835032,
	"area":18933.6,
	"time":61298,
	"power":2.05472
	},
"23":{
	"name":"mul16u_G4R",
	"mae":114675.095636,
	"area":16534.246,
	"time":66547,
	"power":1.3162
	},
"24":{
	"name":"mul16u_G87",
	"mae":4423376.896109,
	"area":5154.329,
	"time":43124,
	"power":0.292134
	},
"25":{
	"name":"mul16u_G88",
	"mae":6783068.943263,
	"area":4394.79,
	"time":41428,
	"power":0.238765
	},
"26":{
	"name":"mul16u_GAU",
	"mae":75469562.301756,
	"area":1512.493,
	"time":20825,
	"power":0.0568393
	},
"27":{
	"name":"mul16u_GPV",
	"mae":668280185.763672,
	"area":35.123,
	"time":728,
	"power":0.0010115599999999999
	},
"28":{
	"name":"mul16u_HDT",
	"mae":33263271.529785,
	"area":2528.87,
	"time":24311,
	"power":0.0960939
	},
"29":{
	"name":"mul16u_HDX",
	"mae":66035325.219752,
	"area":1674.938,
	"time":19442,
	"power":0.0590974
	}
}